snapshot_date,yt_subscribers,naver_total_news,subs_source,news_source,yt_total_videos,yt_total_views
2024-10-14,,0,,https://search.naver.com/search.naver?where=news&query=%22%EC%8A%A4%ED%82%A8%EC%A6%88%22%7C%22SKINZ%22&sort=1&pd=3&ds=2024.10.14&de=2024.10.20,,
2024-10-21,,0,,https://search.naver.com/search.naver?where=news&query=%22%EC%8A%A4%ED%82%A8%EC%A6%88%22%7C%22SKINZ%22&sort=1&pd=3&ds=2024.10.21&de=2024.10.27,,
2024-10-28,,0,,https://search.naver.com/search.naver?where=news&query=%22%EC%8A%A4%ED%82%A8%EC%A6%88%22%7C%22SKINZ%22&sort=1&pd=3&ds=2024.10.28&de=2024.11.03,,
2024-11-04,,0,,https://search.naver.com/search.naver?where=news&query=%22%EC%8A%A4%ED%82%A8%EC%A6%88%22%7C%22SKINZ%22&sort=1&pd=3&ds=2024.11.04&de=2024.11.10,,
2024-11-11,,0,,https://search.naver.com/search.naver?where=news&query=%22%EC%8A%A4%ED%82%A8%EC%A6%88%22%7C%22SKINZ%22&sort=1&pd=3&ds=2024.11.11&de=2024.11.17,,
2024-11-18,,0,,https://search.naver.com/search.naver?where=news&query=%22%EC%8A%A4%ED%82%A8%EC%A6%88%22%7C%22SKINZ%22&sort=1&pd=3&ds=2024.11.18&de=2024.11.24,,
2024-11-25,,0,,https://search.naver.com/search.naver?where=news&query=%22%EC%8A%A4%ED%82%A8%EC%A6%88%22%7C%22SKINZ%22&sort=1&pd=3&ds=2024.11.25&de=2024.12.01,,
2024-12-02,,0,,https://search.naver.com/search.naver?where=news&query=%22%EC%8A%A4%ED%82%A8%EC%A6%88%22%7C%22SKINZ%22&sort=1&pd=3&ds=2024.12.02&de=2024.12.08,,
2024-12-09,,0,,https://search.naver.com/search.naver?where=news&query=%22%EC%8A%A4%ED%82%A8%EC%A6%88%22%7C%22SKINZ%22&sort=1&pd=3&ds=2024.12.09&de=2024.12.15,,
2024-12-16,,0,,https://search.naver.com/search.naver?where=news&query=%22%EC%8A%A4%ED%82%A8%EC%A6%88%22%7C%22SKINZ%22&sort=1&pd=3&ds=2024.12.16&de=2024.12.22,,
2024-12-23,,50,,https://search.naver.com/search.naver?where=news&query=%22%EC%8A%A4%ED%82%A8%EC%A6%88%22%7C%22SKINZ%22&sort=1&pd=3&ds=2024.12.23&de=2024.12.29,,
2024-12-27,1340,,https://web.archive.org/web/20241227210629/https://www.youtube.com/@SKINZOFFICIAL,,4,
2024-12-30,,0,,https://search.naver.com/search.naver?where=news&query=%22%EC%8A%A4%ED%82%A8%EC%A6%88%22%7C%22SKINZ%22&sort=1&pd=3&ds=2024.12.30&de=2025.01.05,,
2025-01-06,,0,,https://search.naver.com/search.naver?where=news&query=%22%EC%8A%A4%ED%82%A8%EC%A6%88%22%7C%22SKINZ%22&sort=1&pd=3&ds=2025.01.06&de=2025.01.12,,
2025-01-13,,0,,https://search.naver.com/search.naver?where=news&query=%22%EC%8A%A4%ED%82%A8%EC%A6%88%22%7C%22SKINZ%22&sort=1&pd=3&ds=2025.01.13&de=2025.01.19,,
2025-01-20,,0,,https://search.naver.com/search.naver?where=news&query=%22%EC%8A%A4%ED%82%A8%EC%A6%88%22%7C%22SKINZ%22&sort=1&pd=3&ds=2025.01.20&de=2025.01.26,,
2025-01-27,,0,,https://search.naver.com/search.naver?where=news&query=%22%EC%8A%A4%ED%82%A8%EC%A6%88%22%7C%22SKINZ%22&sort=1&pd=3&ds=2025.01.27&de=2025.02.02,,
2025-02-03,,0,,https://search.naver.com/search.naver?where=news&query=%22%EC%8A%A4%ED%82%A8%EC%A6%88%22%7C%22SKINZ%22&sort=1&pd=3&ds=2025.02.03&de=2025.02.09,,
2025-02-10,,0,,https://search.naver.com/search.naver?where=news&query=%22%EC%8A%A4%ED%82%A8%EC%A6%88%22%7C%22SKINZ%22&sort=1&pd=3&ds=2025.02.10&de=2025.02.16,,
2025-02-17,,0,,https://search.naver.com/search.naver?where=news&query=%22%EC%8A%A4%ED%82%A8%EC%A6%88%22%7C%22SKINZ%22&sort=1&pd=3&ds=2025.02.17&de=2025.02.23,,
2025-02-24,,1,,https://search.naver.com/search.naver?where=news&query=%22%EC%8A%A4%ED%82%A8%EC%A6%88%22%7C%22SKINZ%22&sort=1&pd=3&ds=2025.02.24&de=2025.03.02,,
2025-03-03,,0,,https://search.naver.com/search.naver?where=news&query=%22%EC%8A%A4%ED%82%A8%EC%A6%88%22%7C%22SKINZ%22&sort=1&pd=3&ds=2025.03.03&de=2025.03.09,,
2025-03-10,,1001,,https://search.naver.com/search.naver?where=news&query=%22%EC%8A%A4%ED%82%A8%EC%A6%88%22%7C%22SKINZ%22&sort=1&pd=3&ds=2025.03.10&de=2025.03.16,,
2025-03-17,,0,,https://search.naver.com/search.naver?where=news&query=%22%EC%8A%A4%ED%82%A8%EC%A6%88%22%7C%22SKINZ%22&sort=1&pd=3&ds=2025.03.17&de=2025.03.23,,
2025-03-24,,1001,,https://search.naver.com/search.naver?where=news&query=%22%EC%8A%A4%ED%82%A8%EC%A6%88%22%7C%22SKINZ%22&sort=1&pd=3&ds=2025.03.24&de=2025.03.30,,
2025-03-31,,0,,https://search.naver.com/search.naver?where=news&query=%22%EC%8A%A4%ED%82%A8%EC%A6%88%22%7C%22SKINZ%22&sort=1&pd=3&ds=2025.03.31&de=2025.04.06,,
2025-04-07,,0,,https://search.naver.com/search.naver?where=news&query=%22%EC%8A%A4%ED%82%A8%EC%A6%88%22%7C%22SKINZ%22&sort=1&pd=3&ds=2025.04.07&de=2025.04.13,,
2025-04-14,,0,,https://search.naver.com/search.naver?where=news&query=%22%EC%8A%A4%ED%82%A8%EC%A6%88%22%7C%22SKINZ%22&sort=1&pd=3&ds=2025.04.14&de=2025.04.20,,
2025-04-21,,0,,https://search.naver.com/search.naver?where=news&query=%22%EC%8A%A4%ED%82%A8%EC%A6%88%22%7C%22SKINZ%22&sort=1&pd=3&ds=2025.04.21&de=2025.04.27,,
2025-04-28,,0,,https://search.naver.com/search.naver?where=news&query=%22%EC%8A%A4%ED%82%A8%EC%A6%88%22%7C%22SKINZ%22&sort=1&pd=3&ds=2025.04.28&de=2025.05.04,,
2025-05-05,,0,,https://search.naver.com/search.naver?where=news&query=%22%EC%8A%A4%ED%82%A8%EC%A6%88%22%7C%22SKINZ%22&sort=1&pd=3&ds=2025.05.05&de=2025.05.11,,
2025-05-12,,0,,https://search.naver.com/search.naver?where=news&query=%22%EC%8A%A4%ED%82%A8%EC%A6%88%22%7C%22SKINZ%22&sort=1&pd=3&ds=2025.05.12&de=2025.05.18,,
2025-05-19,,5,,https://search.naver.com/search.naver?where=news&query=%22%EC%8A%A4%ED%82%A8%EC%A6%88%22%7C%22SKINZ%22&sort=1&pd=3&ds=2025.05.19&de=2025.05.25,,
2025-05-26,,0,,https://search.naver.com/search.naver?where=news&query=%22%EC%8A%A4%ED%82%A8%EC%A6%88%22%7C%22SKINZ%22&sort=1&pd=3&ds=2025.05.26&de=2025.06.01,,
2025-06-02,,0,,https://search.naver.com/search.naver?where=news&query=%22%EC%8A%A4%ED%82%A8%EC%A6%88%22%7C%22SKINZ%22&sort=1&pd=3&ds=2025.06.02&de=2025.06.08,,
2025-06-09,,0,,https://search.naver.com/search.naver?where=news&query=%22%EC%8A%A4%ED%82%A8%EC%A6%88%22%7C%22SKINZ%22&sort=1&pd=3&ds=2025.06.09&de=2025.06.15,,
2025-06-16,,0,,https://search.naver.com/search.naver?where=news&query=%22%EC%8A%A4%ED%82%A8%EC%A6%88%22%7C%22SKINZ%22&sort=1&pd=3&ds=2025.06.16&de=2025.06.22,,
2025-06-23,,1,,https://search.naver.com/search.naver?where=news&query=%22%EC%8A%A4%ED%82%A8%EC%A6%88%22%7C%22SKINZ%22&sort=1&pd=3&ds=2025.06.23&de=2025.06.29,,
2025-06-30,,0,,https://search.naver.com/search.naver?where=news&query=%22%EC%8A%A4%ED%82%A8%EC%A6%88%22%7C%22SKINZ%22&sort=1&pd=3&ds=2025.06.30&de=2025.07.06,,
2025-07-07,,1001,,https://search.naver.com/search.naver?where=news&query=%22%EC%8A%A4%ED%82%A8%EC%A6%88%22%7C%22SKINZ%22&sort=1&pd=3&ds=2025.07.07&de=2025.07.13,,
2025-07-08,61300,,https://web.archive.org/web/20250708062924/https://www.youtube.com/@SKINZOFFICIAL,,121,
